"name","category","license","license_url","icon_url","title","slug","description","downloads","rating","created_at","url","json_url","download_url","status_detail","downloads_shortened","games_detail","latest_release_version","latest_release_version_formatted","latest_release_at","latest_release_at_atom","author","author_icon_url","author_id","tags_all","created_at_atom","updated_at_atom","watchers","watchers_shortened","badges"
"AdminChatroom","1",,,,"Admin Chatroom","admin-chatroom","Allows admins to chat privately with each other in-game","588","0.00","2018-07-25 02:35:00","https://umod.org/plugins/admin-chatroom","https://umod.org/plugins/admin-chatroom.json","https://umod.org/plugins/AdminChatroom.cs","@{value=1; message=; text=Published; icon=check; class=success}","588","System.Object[]","1.0.2","v1.0.2","2018-07-27 19:49:28","2018-07-27T19:49:28+00:00","austinv900","https://assets.umod.org/images/icons/user/5b5bc71c51a3f.png","b0EKY1KXv8","universal,chat,administration","2018-07-25T02:35:00Z","2019-02-12T12:59:10Z","3","3",""
"AdminLeaveJoin","1",,,"https://assets.umod.org/images/icons/plugin/5b66eef23592a.jpg","Admin Leave and Join","admin-leave-and-join","Displays a chat message when a admin leaves or joins to all the players","900","0.00","2018-08-05 12:34:58","https://umod.org/plugins/admin-leave-and-join","https://umod.org/plugins/admin-leave-and-join.json","https://umod.org/plugins/AdminLeaveJoin.cs","@{value=1; message=; text=Published; icon=check; class=success}","900","System.Object[]","0.1.9","v0.1.9","2018-08-05 12:35:31","2018-08-05T12:35:31+00:00","austinv900","https://assets.umod.org/images/icons/user/5b5bc71c51a3f.png","b0EKY1KXv8","universal,imported","2018-08-05T12:34:58Z","2019-02-12T15:57:16Z","3","3",""
"AdvertMessages","1",,,"https://assets.umod.org/images/icons/plugin/5b63834a4c259.jpg","Advert Messages","advert-messages","Timed chat messages to work as informational messages","2189","0.00","2018-08-02 22:18:50","https://umod.org/plugins/advert-messages","https://umod.org/plugins/advert-messages.json","https://umod.org/plugins/AdvertMessages.cs","@{value=1; message=; text=Published; icon=check; class=success}","2.2K","System.Object[]","3.0.1","v3.0.1","2018-08-02 22:19:20","2018-08-02T22:19:20+00:00","LaserHydra","https://assets.umod.org/images/icons/user/5b5bc6885b278.png","0D25jdKzjG","universal,advertising,informational","2018-08-02T22:18:50Z","2019-02-12T18:09:44Z","55","55",""
"AFK","1",,,"https://assets.umod.org/images/icons/plugin/5b639819d566b.jpg","AFK","afk","Kicks players that are AFK (away from keyboard) for too long","544","0.00","2018-08-02 23:47:37","https://umod.org/plugins/afk","https://umod.org/plugins/afk.json","https://umod.org/plugins/AFK.cs","@{value=1; message=; text=Published; icon=check; class=success}","544","System.Object[]","1.1.5","v1.1.5","2018-08-02 23:48:04","2018-08-02T23:48:04+00:00","Wulf","https://assets.umod.org/images/icons/user/5c2d88ae4ea06.jpg","eL15d45mQo","universal,imported","2018-08-02T23:47:37Z","2019-02-12T13:53:00Z","10","10",""
"Analytics","1","mit",,"https://assets.umod.org/images/icons/plugin/5c4d3ab11e90f.png","Analytics","analytics","Real-time collection and reporting of server events to Google Analytics","392","0.00","2018-07-25 02:35:00","https://umod.org/plugins/analytics","https://umod.org/plugins/analytics.json","https://umod.org/plugins/Analytics.cs","@{value=1; message=; text=Published; icon=check; class=success}","392","System.Object[]","1.1.2","v1.1.2","2018-07-31 01:09:28","2018-07-31T01:09:28+00:00","Wulf","https://assets.umod.org/images/icons/user/5c2d88ae4ea06.jpg","eL15d45mQo","universal,analytics,statistics","2018-07-25T02:35:00Z","2019-02-12T13:00:46Z","9","9",""
"AngryPromotion","1",,,"https://assets.umod.org/images/icons/plugin/5ba971c4870ca.png","Angry Promotion","angry-promotion","Automatically add players to a group if they have a specific word/phrase in their Steam name","317","0.00","2018-08-05 12:19:17","https://umod.org/plugins/angry-promotion","https://umod.org/plugins/angry-promotion.json","https://umod.org/plugins/AngryPromotion.cs","@{value=1; message=; text=Published; icon=check; class=success}","317","System.Object[]","1.1.1","v1.1.1","2018-08-05 12:19:45","2018-08-05T12:19:45+00:00","Tori1157","https://assets.umod.org/images/icons/user/5b3bc670cba08.jpg?uid=5b3bc71d78abd","kwmgDZy2Z3","universal,steam,groups,automation","2018-08-05T12:19:17Z","2019-02-12T13:01:01Z","3","3",""
"AngryTime","1",,,"https://assets.umod.org/images/icons/plugin/5ba971cfe86a1.png","Angry Time","angry-time","Control and check game time","411","0.00","2018-08-05 12:17:04","https://umod.org/plugins/angry-time","https://umod.org/plugins/angry-time.json","https://umod.org/plugins/AngryTime.cs","@{value=1; message=; text=Published; icon=check; class=success}","411","System.Object[]","1.3.1","v1.3.1","2018-08-05 12:17:35","2018-08-05T12:17:35+00:00","Tori1157","https://assets.umod.org/images/icons/user/5b3bc670cba08.jpg?uid=5b3bc71d78abd","kwmgDZy2Z3","universal,time,administration","2018-08-05T12:17:04Z","2019-02-12T14:03:03Z","3","3",""
"Authenticator","1",,,"https://assets.umod.org/images/icons/plugin/5b66edf4c2197.jpg","Authenticator","authenticator","Allows players to add passwords to their accounts on your server","317","0.00","2018-08-05 12:30:44","https://umod.org/plugins/authenticator","https://umod.org/plugins/authenticator.json","https://umod.org/plugins/Authenticator.cs","@{value=1; message=; text=Published; icon=check; class=success}","317","System.Object[]","2.0.0","v2.0.0","","","","","0","universal,imported","2018-08-05T12:30:44Z","2019-02-12T13:02:33Z","3","3",""
"AutoBroadcast","1","mit",,"https://assets.umod.org/images/icons/plugin/5b639644babc8.jpg","Auto Broadcast","auto-broadcast","Sends randomly configured chat messages every X amount of seconds","2149","0.00","2018-08-02 23:39:48","https://umod.org/plugins/auto-broadcast","https://umod.org/plugins/auto-broadcast.json","https://umod.org/plugins/AutoBroadcast.cs","@{value=1; message=; text=Published; icon=check; class=success}","2.1K","System.Object[]","1.0.8","v1.0.8","2018-08-02 23:40:20","2018-08-02T23:40:20+00:00","Wulf","https://assets.umod.org/images/icons/user/5c2d88ae4ea06.jpg","eL15d45mQo","universal,announcements,broadcasting","2018-08-02T23:39:48Z","2019-02-12T18:25:59Z","78","78",""
"Autokick","1",,,"https://assets.umod.org/images/icons/plugin/5b66ebaa0267c.jpg","Autokick","autokick","Helps with setting the server to ""maintenance"" mode","322","0.00","2018-08-05 12:20:58","https://umod.org/plugins/autokick","https://umod.org/plugins/autokick.json","https://umod.org/plugins/Autokick.cs","@{value=1; message=; text=Published; icon=check; class=success}","322","System.Object[]","1.2.0","v1.2.0","2018-08-05 12:21:29","2018-08-05T12:21:29+00:00","Exel80","","jryL1lAKNB","universal,management,maintenance,administration","2018-08-05T12:20:58Z","2019-02-12T13:03:13Z","4","4",""
"Babel","1","mit",,,"Babel","babel","Plugin API for translating messages using free or paid translation services","431","0.00","2018-07-25 02:35:02","https://umod.org/plugins/babel","https://umod.org/plugins/babel.json","https://umod.org/plugins/Babel.cs","@{value=1; message=; text=Published; icon=check; class=success}","431","System.Object[]","1.0.4","v1.0.4","2018-08-01 20:43:37","2018-08-01T20:43:37+00:00","Wulf","https://assets.umod.org/images/icons/user/5c2d88ae4ea06.jpg","eL15d45mQo","universal,localization,api,translation","2018-07-25T02:35:02Z","2019-02-12T17:10:09Z","7","7",""
"BabelChat","1","mit",,,"Babel Chat","babel-chat","Translates chat messages to each player's language preference or server default","438","0.00","2018-07-25 02:35:02","https://umod.org/plugins/babel-chat","https://umod.org/plugins/babel-chat.json","https://umod.org/plugins/BabelChat.cs","@{value=1; message=; text=Published; icon=check; class=success}","438","System.Object[]","1.1.5","v1.1.5","2018-08-01 20:43:38","2018-08-01T20:43:38+00:00","Wulf","https://assets.umod.org/images/icons/user/5c2d88ae4ea06.jpg","eL15d45mQo","universal,chat,translation,localization,betterchat","2018-07-25T02:35:02Z","2019-02-12T13:03:29Z","6","6",""
"BetterChat","1",,,"https://assets.umod.org/images/icons/plugin/5c6166a013f0c.png","Better Chat","better-chat","Manage chat groups, customize colors, and add titles","5691","0.00","2018-07-25 02:35:03","https://umod.org/plugins/better-chat","https://umod.org/plugins/better-chat.json","https://umod.org/plugins/BetterChat.cs","@{value=1; message=; text=Published; icon=check; class=success}","5.7K","System.Object[]","5.0.19","v5.0.19","2018-08-01 20:43:38","2018-08-01T20:43:38+00:00","LaserHydra","https://assets.umod.org/images/icons/user/5b5bc6885b278.png","0D25jdKzjG","universal,chat,api","2018-07-25T02:35:03Z","2019-02-12T19:24:06Z","205","205",""
"BetterChatFilter","1",,,"https://assets.umod.org/images/icons/plugin/5b66ec6e79926.jpg","Better Chat Filter","better-chat-filter","Chat filter based on keywords for Better Chat","699","0.00","2018-08-05 12:24:14","https://umod.org/plugins/better-chat-filter","https://umod.org/plugins/better-chat-filter.json","https://umod.org/plugins/BetterChatFilter.cs","@{value=1; message=; text=Published; icon=check; class=success}","699","System.Object[]","1.2.1","v1.2.1","2018-08-11 09:26:34","2018-08-11T09:26:34+00:00","Kinesis","https://assets.umod.org/images/icons/user/5b6d791123a85.jpg","72PK2Q1yL9","universal,chat,filter,moderation","2018-08-05T12:24:14Z","2019-02-12T14:36:19Z","31","31",""
"BetterChatFlood","1",,,"https://assets.umod.org/images/icons/plugin/5b57e1d721daf.png","Better Chat Flood","better-chat-flood","Adds a cooldown to chat to prevent flooding","589","0.00","2018-07-25 02:35:03","https://umod.org/plugins/better-chat-flood","https://umod.org/plugins/better-chat-flood.json","https://umod.org/plugins/BetterChatFlood.cs","@{value=1; message=; text=Published; icon=check; class=success}","589","System.Object[]","1.0.5","v1.0.5","2018-08-01 20:43:38","2018-08-01T20:43:38+00:00","Ryan","https://assets.umod.org/images/icons/user/5b5a14078d6b0.png","oXVgqegRaQ","universal,chat,betterchat,moderation","2018-07-25T02:35:03Z","2019-02-12T13:05:18Z","25","25",""
"BetterChatMute","1",,,,"Better Chat Mute","better-chat-mute","A simple chat mute system, for use with Better Chat or standalone","1625","0.00","2018-07-25 02:35:03","https://umod.org/plugins/better-chat-mute","https://umod.org/plugins/better-chat-mute.json","https://umod.org/plugins/BetterChatMute.cs","@{value=1; message=; text=Published; icon=check; class=success}","1.6K","System.Object[]","1.1.2","v1.1.2","2018-08-01 20:43:38","2018-08-01T20:43:38+00:00","LaserHydra","https://assets.umod.org/images/icons/user/5b5bc6885b278.png","0D25jdKzjG","universal,chat,moderation","2018-07-25T02:35:03Z","2019-02-12T18:51:21Z","79","79",""
"BetterChatToggle","1","none",,,"Better Chat Toggle","better-chat-toggle","Easily toggle chat tags and formatting for Better Chat","390","0.00","2018-08-22 19:02:00","https://umod.org/plugins/better-chat-toggle","https://umod.org/plugins/better-chat-toggle.json","https://umod.org/plugins/BetterChatToggle.cs","@{value=1; message=; text=Published; icon=check; class=success}","390","System.Object[]","1.0.0","v1.0.0","2018-08-22 19:02:00","2018-08-22T19:02:00+00:00","Ryan","https://assets.umod.org/images/icons/user/5b5a14078d6b0.png","oXVgqegRaQ","universal,betterchat,chat","2018-08-22T19:02:00Z","2019-02-12T18:28:22Z","5","5",""
"CapsNoCaps","1",,,"https://assets.umod.org/images/icons/plugin/5b66eb6400e82.jpg","Caps No Caps","caps-no-caps","Converts messages written in CAPS to Sentence case","397","0.00","2018-08-05 12:19:48","https://umod.org/plugins/caps-no-caps","https://umod.org/plugins/caps-no-caps.json","https://umod.org/plugins/CapsNoCaps.cs","@{value=1; message=; text=Published; icon=check; class=success}","397","System.Object[]","1.3.4","v1.3.4","","","","","0","universal,chat,moderation","2018-08-05T12:19:48Z","2019-02-12T13:08:10Z","8","8",""
"ChatCleaner","1","mit",,,"Chat Cleaner","chat-cleaner","Clears/resets a player's chat when joining the server and on command","584","0.00","2018-07-25 02:35:04","https://umod.org/plugins/chat-cleaner","https://umod.org/plugins/chat-cleaner.json","https://umod.org/plugins/ChatCleaner.cs","@{value=1; message=; text=Published; icon=check; class=success}","584","System.Object[]","0.4.0","v0.4.0","2018-08-01 20:43:38","2018-08-01T20:43:38+00:00","Wulf","https://assets.umod.org/images/icons/user/5c2d88ae4ea06.jpg","eL15d45mQo","universal,chat,cleanup","2018-07-25T02:35:04Z","2019-02-12T13:08:33Z","17","17",""
"ClanBan","1",,,,"Clan Ban","clan-ban","Bans an entire clan with one command","449","0.00","2018-07-25 02:35:05","https://umod.org/plugins/clan-ban","https://umod.org/plugins/clan-ban.json","https://umod.org/plugins/ClanBan.cs","@{value=1; message=; text=Published; icon=check; class=success}","449","System.Object[]","1.3.0","v1.3.0","2018-09-07 08:14:24","2018-09-07T08:14:24+00:00","Slut","https://assets.umod.org/images/icons/user/5b93dc0627f6c.jpg","BE954ogGxa","universal,administration,clans","2018-07-25T02:35:05Z","2019-02-12T14:12:17Z","1","1",""
"ClanTags","1",,,"https://assets.umod.org/images/icons/plugin/5b66eb22627eb.jpg","Clan Tags","clan-tags","Adds support for Clan Tags when using Better Chat","1308","0.00","2018-08-05 12:18:42","https://umod.org/plugins/clan-tags","https://umod.org/plugins/clan-tags.json","https://umod.org/plugins/ClanTags.cs","@{value=1; message=; text=Published; icon=check; class=success}","1.3K","System.Object[]","0.8","v0.8","","","","","0","universal,chat,betterchat,clans","2018-08-05T12:18:42Z","2019-02-12T15:31:58Z","51","51",""
"Clans","1",,,"https://assets.umod.org/images/icons/plugin/5b63bf642ea2c.jpg","Clans","clans","Universal clans with alliance support","2652","0.00","2018-08-03 02:35:16","https://umod.org/plugins/clans","https://umod.org/plugins/clans.json","https://umod.org/plugins/Clans.cs","@{value=1; message=; text=Published; icon=check; class=success}","2.7K","System.Object[]","0.1.51","v0.1.51","2018-08-03 02:35:47","2018-08-03T02:35:47+00:00","k1lly0u","https://assets.umod.org/images/icons/user/5b39dd7690b34.png","72PK2jKL94","universal,imported","2018-08-03T02:35:16Z","2019-02-12T19:24:37Z","101","101",""
"CoinFlip","1","mit",,"https://assets.umod.org/images/icons/plugin/5c4152648e0d1.png","Coin Flip","coin-flip","Try your luck by challenging players to a coin flip and betting on it using Economics","61","0.00","2019-01-18 03:35:50","https://umod.org/plugins/coin-flip","https://umod.org/plugins/coin-flip.json","https://umod.org/plugins/CoinFlip.cs","@{value=1; message=; text=Published; icon=check; class=success}","61","System.Object[]","1.0.7","v1.0.7","2019-01-23 01:20:20","2019-01-23T01:20:20+00:00","Gachl","","xM58vNDK06","universal,coinflip,economics,luck,gamble,gambling","2019-01-18T03:35:50Z","2019-02-12T13:09:56Z","3","3",""
"CommandBlock","1","mit",,,"Command Block","command-block","Blocks configured commands from being executed on the server","480","0.00","2018-07-25 02:35:05","https://umod.org/plugins/command-block","https://umod.org/plugins/command-block.json","https://umod.org/plugins/CommandBlock.cs","@{value=1; message=; text=Published; icon=check; class=success}","480","System.Object[]","0.3.1","v0.3.1","2018-08-01 20:43:38","2018-08-01T20:43:38+00:00","Wulf","https://assets.umod.org/images/icons/user/5c2d88ae4ea06.jpg","eL15d45mQo","universal,restrictions,commands","2018-07-25T02:35:05Z","2019-02-12T13:10:21Z","8","8",""
"ConnectMessages","1","mit",,,"Connect Messages","connect-messages","Provides connect and disconnect messages","1698","0.00","2018-08-05 12:20:21","https://umod.org/plugins/connect-messages","https://umod.org/plugins/connect-messages.json","https://umod.org/plugins/ConnectMessages.cs","@{value=1; message=; text=Published; icon=check; class=success}","1.7K","System.Object[]","1.1.9","v1.1.9","2018-08-05 12:20:50","2018-08-05T12:20:50+00:00","Wulf","https://assets.umod.org/images/icons/user/5c2d88ae4ea06.jpg","eL15d45mQo","universal,informational,welcome","2018-08-05T12:20:21Z","2019-02-12T15:02:18Z","84","84",""
"ConnectionCmds","1",,,,"Connection Commands","connection-commands","Runs one or more server command when a player connects/disconnects","381","0.00","2018-08-02 23:34:53","https://umod.org/plugins/connection-commands","https://umod.org/plugins/connection-commands.json","https://umod.org/plugins/ConnectionCmds.cs","@{value=1; message=; text=Published; icon=check; class=success}","381","System.Object[]","0.1.0","v0.1.0","2018-08-02 23:35:26","2018-08-02T23:35:26+00:00","Wulf","https://assets.umod.org/images/icons/user/5c2d88ae4ea06.jpg","eL15d45mQo","universal,commands,automation","2018-08-02T23:34:53Z","2019-02-12T13:10:48Z","6","6",""
"ConnectionLimiter","1",,,"https://assets.umod.org/images/icons/plugin/5b66ebcc23fc5.jpg","Connection Limiter","connection-limiter","Limits and protects against player re-connection spam","325","0.00","2018-08-05 12:21:32","https://umod.org/plugins/connection-limiter","https://umod.org/plugins/connection-limiter.json","https://umod.org/plugins/ConnectionLimiter.cs","@{value=1; message=; text=Published; icon=check; class=success}","325","System.Object[]","1.0.1","v1.0.1","2018-08-05 12:21:58","2018-08-05T12:21:58+00:00","Exel80","","jryL1lAKNB","universal,moderation,administration","2018-08-05T12:21:32Z","2019-02-12T13:10:57Z","4","4",""
"CountryBlock","1","mit",,"https://assets.umod.org/images/icons/plugin/5c44f608a500b.png","Country Block","country-block","Block or allow players only from configured countries","494","0.00","2018-08-02 23:31:04","https://umod.org/plugins/country-block","https://umod.org/plugins/country-block.json","https://umod.org/plugins/CountryBlock.cs","@{value=1; message=; text=Published; icon=check; class=success}","494","System.Object[]","1.2.4","v1.2.4","2018-08-02 23:31:38","2018-08-02T23:31:38+00:00","Wulf","https://assets.umod.org/images/icons/user/5c2d88ae4ea06.jpg","eL15d45mQo","universal,moderation,restrictions","2018-08-02T23:31:04Z","2019-02-12T13:11:28Z","16","16",""
"CustomChatCommands","1",,,"https://assets.umod.org/images/icons/plugin/5b66ea7dc184e.jpg","Custom Chat Commands","custom-chat-commands","Allows you to add new chat commands","538","0.00","2018-08-05 12:15:57","https://umod.org/plugins/custom-chat-commands","https://umod.org/plugins/custom-chat-commands.json","https://umod.org/plugins/CustomChatCommands.cs","@{value=1; message=; text=Published; icon=check; class=success}","538","System.Object[]","2.1.1","v2.1.1","2018-08-05 12:16:30","2018-08-05T12:16:30+00:00","PsychoTea","","azmKaEPKWY","universal,imported","2018-08-05T12:15:57Z","2019-02-12T13:13:04Z","19","19",""
"NightMessage","1",,,"https://assets.umod.org/images/icons/plugin/5b66eae2f3cf4.jpg","Day/Night Message","daynight-message","Broadcasts a custom message at dawn and/or dusk","366","0.00","2018-08-05 12:17:38","https://umod.org/plugins/daynight-message","https://umod.org/plugins/daynight-message.json","https://umod.org/plugins/NightMessage.cs","@{value=1; message=; text=Published; icon=check; class=success}","366","System.Object[]","1.0.1","v1.0.1","2018-08-05 12:18:06","2018-08-05T12:18:06+00:00","Mordeus","https://assets.umod.org/images/icons/user/5b6461636f593.png","ZbN5Mxg10X","universal,broadcasts,chat","2018-08-05T12:17:38Z","2019-02-12T13:14:32Z","8","8",""
"DevTest","1","mit",,,"Dev Test","dev-test","Tests all of the available core hooks and provides useful helpers","399","0.00","2018-07-25 02:35:05","https://umod.org/plugins/dev-test","https://umod.org/plugins/dev-test.json","https://umod.org/plugins/DevTest.cs","@{value=1; message=; text=Published; icon=check; class=success}","399","System.Object[]","0.1.0","v0.1.0","2018-08-01 20:43:38","2018-08-01T20:43:38+00:00","Wulf","https://assets.umod.org/images/icons/user/5c2d88ae4ea06.jpg","eL15d45mQo","universal,unity,unity3d,testing,plugin","2018-07-25T02:35:05Z","2019-02-12T13:15:03Z","5","5",""
"Dice","1","mit",,"https://assets.umod.org/images/icons/plugin/5b639549d9dcc.jpg","Dice","dice","Feeling lucky? Roll dice to get a random number","262","0.00","2018-08-02 23:35:37","https://umod.org/plugins/dice","https://umod.org/plugins/dice.json","https://umod.org/plugins/Dice.cs","@{value=1; message=; text=Published; icon=check; class=success}","262","System.Object[]","0.3.0","v0.3.0","2018-08-02 23:36:05","2018-08-02T23:36:05+00:00","Wulf","https://assets.umod.org/images/icons/user/5c2d88ae4ea06.jpg","eL15d45mQo","universal,dice,fun,random","2018-08-02T23:35:37Z","2019-02-12T15:45:31Z","0","0",""
"Discord","1",,,"https://assets.umod.org/images/icons/plugin/5b66ec12a3063.jpg","Discord API","discord-api","A plugin library to send messages to Discord","357","0.00","2018-08-05 12:22:42","https://umod.org/plugins/discord-api","https://umod.org/plugins/discord-api.json","https://umod.org/plugins/Discord.cs","@{value=1; message=; text=Published; icon=check; class=success}","357","System.Object[]","0.2.1","v0.2.1","2018-08-05 12:23:09","2018-08-05T12:23:09+00:00","Jacob","","GDdKxV5VER","universal,discord,notifications","2018-08-05T12:22:42Z","2019-02-12T13:15:20Z","9","9",""
"DiscordMessages","1",,,"https://assets.umod.org/images/icons/plugin/5b57e1da1b4b2.png","Discord Messages","discord-messages","Sends report and ban messages straight to Discord","1669","0.00","2018-07-25 02:35:06","https://umod.org/plugins/discord-messages","https://umod.org/plugins/discord-messages.json","https://umod.org/plugins/DiscordMessages.cs","@{value=1; message=; text=Published; icon=check; class=success}","1.7K","System.Object[]","2.0.1","v2.0.1","2019-01-21 09:00:15","2019-01-21T09:00:15+00:00","Slut","https://assets.umod.org/images/icons/user/5b93dc0627f6c.jpg","BE954ogGxa","universal,discord,betterchat","2018-07-25T02:35:06Z","2019-02-12T19:04:00Z","78","78",""
"DiscordReport","1",,,"https://assets.umod.org/images/icons/plugin/5b66edaacd21d.jpg","Discord Report","discord-report","Send reports from players in-game to a Discord server","344","0.00","2018-08-05 12:29:30","https://umod.org/plugins/discord-report","https://umod.org/plugins/discord-report.json","https://umod.org/plugins/DiscordReport.cs","@{value=1; message=; text=Published; icon=check; class=success}","344","System.Object[]","0.8.0","v0.8.0","","","","","0","universal,imported","2018-08-05T12:29:30Z","2019-02-12T13:15:29Z","3","3",""
"DonationClaim","1","mit",,"https://assets.umod.org/images/icons/plugin/5c4d36836b3aa.png","Donation Claim","donation-claim","Players can claim rewards for automatic PayPal donations","370","0.00","2018-08-02 23:45:44","https://umod.org/plugins/donation-claim","https://umod.org/plugins/donation-claim.json","https://umod.org/plugins/DonationClaim.cs","@{value=1; message=; text=Published; icon=check; class=success}","370","System.Object[]","1.0.2","v1.0.2","2018-08-02 23:46:13","2018-08-02T23:46:13+00:00","Wulf","https://assets.umod.org/images/icons/user/5c2d88ae4ea06.jpg","eL15d45mQo","universal,paypal,donations,rewards,automation","2018-08-02T23:45:44Z","2019-02-12T15:17:37Z","11","11",""
"Economics","1","mit",,"https://assets.umod.org/images/icons/plugin/5c2d742b35596.png","Economics","economics","Basic economics system and economy API","2894","0.00","2018-07-25 02:35:07","https://umod.org/plugins/economics","https://umod.org/plugins/economics.json","https://umod.org/plugins/Economics.cs","@{value=1; message=; text=Published; icon=check; class=success}","2.9K","System.Object[]","3.5.0","v3.5.0","2018-08-01 20:43:38","2018-08-01T20:43:38+00:00","Wulf","https://assets.umod.org/images/icons/user/5c2d88ae4ea06.jpg","eL15d45mQo","universal,economy,economics,api,money","2018-07-25T02:35:07Z","2019-02-12T18:38:10Z","96","96",""
"Emote","1",,,"https://assets.umod.org/images/icons/plugin/5b66ed2de3c37.jpg","Emote","emote","Because everyone loves to portray themselves in the third person","224","0.00","2018-08-05 12:27:25","https://umod.org/plugins/emote","https://umod.org/plugins/emote.json","https://umod.org/plugins/Emote.cs","@{value=1; message=; text=Published; icon=check; class=success}","224","System.Object[]","1.0.10","v1.0.10","","","","","0","universal,imported","2018-08-05T12:27:25Z","2019-02-12T13:17:24Z","4","4",""
"EmptyLowFPS","1","mit",,"https://assets.umod.org/images/icons/plugin/5bd12498cd52d.png","Empty Low FPS","empty-low-fps","Sets the server's frame rate to lower when no players are connected","529","0.00","2018-08-02 23:41:37","https://umod.org/plugins/empty-low-fps","https://umod.org/plugins/empty-low-fps.json","https://umod.org/plugins/EmptyLowFPS.cs","@{value=1; message=; text=Published; icon=check; class=success}","529","System.Object[]","1.0.2","v1.0.2","2018-10-25 09:59:46","2018-10-25T09:59:46+00:00","Wulf","https://assets.umod.org/images/icons/user/5c2d88ae4ea06.jpg","eL15d45mQo","universal,performance,optimization","2018-08-02T23:41:37Z","2019-02-12T13:17:29Z","17","17",""
"EnhancedBanSystem","1",,,,"Enhanced Ban System","enhanced-ban-system","Ban players by Steam ID, IP address, local ban list, or remote ban list","1640","0.00","2018-07-25 02:35:07","https://umod.org/plugins/enhanced-ban-system","https://umod.org/plugins/enhanced-ban-system.json","https://umod.org/plugins/EnhancedBanSystem.cs","@{value=1; message=; text=Published; icon=check; class=success}","1.6K","System.Object[]","5.2.3","v5.2.3","2018-08-01 20:43:38","2018-08-01T20:43:38+00:00","Slut","https://assets.umod.org/images/icons/user/5b93dc0627f6c.jpg","BE954ogGxa","universal,administration,moderation","2018-07-25T02:35:07Z","2019-02-12T18:01:15Z","30","30",""
"FileIndexer","1",,,"https://assets.umod.org/images/icons/plugin/5b66ee33af2d3.jpg","File Indexer","file-indexer","Keep track of your plugin data files","260","0.00","2018-08-05 12:31:47","https://umod.org/plugins/file-indexer","https://umod.org/plugins/file-indexer.json","https://umod.org/plugins/FileIndexer.cs","@{value=1; message=; text=Published; icon=check; class=success}","260","System.Object[]","1.0.0","v1.0.0","","","","","0","universal,imported","2018-08-05T12:31:47Z","2019-02-12T13:19:14Z","0","0",""
"Freeze","1",,,,"Freeze","freeze","Stops one or more players on command and keeps them from moving","833","0.00","2018-07-25 02:35:08","https://umod.org/plugins/freeze","https://umod.org/plugins/freeze.json","https://umod.org/plugins/Freeze.cs","@{value=1; message=; text=Published; icon=check; class=success}","833","System.Object[]","2.2.2","v2.2.2","2018-09-13 06:19:40","2018-09-13T06:19:40+00:00","Wulf","https://assets.umod.org/images/icons/user/5c2d88ae4ea06.jpg","eL15d45mQo","universal,admin,punishment,api","2018-07-25T02:35:08Z","2019-02-12T14:25:56Z","26","26",""
"Friends","1",,,"","Friends API","friends-api","An API to manage a friends list","2498","0.00","2018-08-02 23:33:18","https://umod.org/plugins/friends-api","https://umod.org/plugins/friends-api.json","https://umod.org/plugins/Friends.cs","@{value=1; message=; text=Published; icon=check; class=success}","2.5K","System.Object[]","2.2.5","v2.2.5","2018-08-02 23:33:49","2018-08-02T23:33:49+00:00","Wulf","https://assets.umod.org/images/icons/user/5c2d88ae4ea06.jpg","eL15d45mQo","universal,api,friends","2018-08-02T23:33:18Z","2019-02-12T19:07:56Z","115","115",""
"GPay","1",,,"https://assets.umod.org/images/icons/plugin/5b57e1dcbdfa4.png","GPay","gpay","Automatic donation and payment system","752","0.00","2018-07-25 02:35:08","https://umod.org/plugins/gpay","https://umod.org/plugins/gpay.json","https://umod.org/plugins/GPay.cs","@{value=1; message=; text=Published; icon=check; class=success}","752","System.Object[]","1.0.0","v1.0.0","2018-08-01 20:43:38","2018-08-01T20:43:38+00:00","Soccerjunki","","j9kgN9wKRp","universal,donations,automation,shop","2018-07-25T02:35:08Z","2019-02-12T13:24:09Z","27","27",""
"Healer","1","mit",,"https://assets.umod.org/images/icons/plugin/5c4d359d358fe.png","Healer","healer","Allows players with permission to heal themselves or others","506","0.00","2018-07-25 02:35:09","https://umod.org/plugins/healer","https://umod.org/plugins/healer.json","https://umod.org/plugins/Healer.cs","@{value=1; message=; text=Published; icon=check; class=success}","506","System.Object[]","2.5.0","v2.5.0","2018-08-01 20:43:38","2018-08-01T20:43:38+00:00","Wulf","https://assets.umod.org/images/icons/user/5c2d88ae4ea06.jpg","eL15d45mQo","universal,admin,healing","2018-07-25T02:35:09Z","2019-02-12T14:09:35Z","15","15",""
"HelpText","1",,,"https://assets.umod.org/images/icons/plugin/5b629fabc3dd4.jpg","Help Text","help-text","Allows players to use /help to get custom help and help info from plugins","1702","0.00","2018-08-02 06:07:39","https://umod.org/plugins/help-text","https://umod.org/plugins/help-text.json","https://umod.org/plugins/HelpText.cs","@{value=1; message=; text=Published; icon=check; class=success}","1.7K","System.Object[]","2.0.5","v2.0.5","2018-08-02 06:08:06","2018-08-02T06:08:06+00:00","Calytic","https://assets.umod.org/images/icons/user/5c2d465a03b5a.png","QNMy3b5AzV","universal,help,informational","2018-08-02T06:07:39Z","2019-02-12T15:03:54Z","59","59",""
"Insults","1",,,"https://assets.umod.org/images/icons/plugin/5c4d0c808051c.png","Insults","insults","Insult yourself or other players","350","0.00","2018-08-05 12:36:03","https://umod.org/plugins/insults","https://umod.org/plugins/insults.json","https://umod.org/plugins/Insults.cs","@{value=1; message=; text=Published; icon=check; class=success}","350","System.Object[]","1.0.3","v1.0.3","2018-08-05 12:36:34","2018-08-05T12:36:34+00:00","Wulf","https://assets.umod.org/images/icons/user/5c2d88ae4ea06.jpg","eL15d45mQo","universal,chat,fun","2018-08-05T12:36:03Z","2019-02-12T13:25:02Z","1","1",""
"IPBlacklist","1",,,,"IP Blacklist","ip-blacklist","Blacklist IPs to prevent them from joining your server","322","0.00","2018-08-05 12:31:16","https://umod.org/plugins/ip-blacklist","https://umod.org/plugins/ip-blacklist.json","https://umod.org/plugins/IPBlacklist.cs","@{value=1; message=; text=Published; icon=check; class=success}","322","System.Object[]","1.0.1","v1.0.1","2018-08-05 12:31:45","2018-08-05T12:31:45+00:00","Ankawi","","AbRgARe5B4","universal,restrictions,limitations,moderation","2018-08-05T12:31:16Z","2019-02-12T14:15:14Z","2","2",""
"KarmaSystem","1",,,"https://assets.umod.org/images/icons/plugin/5b57e1df4a15e.png","Karma System","karma-system","Allows players to upvote/downvote other players","639","0.00","2018-07-25 02:35:11","https://umod.org/plugins/karma-system","https://umod.org/plugins/karma-system.json","https://umod.org/plugins/KarmaSystem.cs","@{value=1; message=; text=Published; icon=check; class=success}","639","System.Object[]","1.1.0","v1.1.0","2018-08-01 20:43:38","2018-08-01T20:43:38+00:00","Ryan","https://assets.umod.org/images/icons/user/5b5a14078d6b0.png","oXVgqegRaQ","universal,rewards,api","2018-07-25T02:35:11Z","2019-02-12T15:41:06Z","6","6",""
"KickCooldown","1",,,,"Kick Cooldown","kick-cooldown","Gives players a cooldown after being kicked to prevent abuse","254","0.00","2018-08-05 12:23:11","https://umod.org/plugins/kick-cooldown","https://umod.org/plugins/kick-cooldown.json","https://umod.org/plugins/KickCooldown.cs","@{value=1; message=; text=Published; icon=check; class=success}","254","System.Object[]","1.0.1","v1.0.1","2018-08-05 12:23:42","2018-08-05T12:23:42+00:00","Jacob","","GDdKxV5VER","universal,cooldown","2018-08-05T12:23:11Z","2019-02-12T13:26:17Z","2","2",""
"LangGen","1","mit",,"https://assets.umod.org/images/icons/plugin/5b6397efd5b5b.jpg","Lang Gen","lang-gen","Generates language files using the default language strings","308","0.00","2018-08-02 23:46:55","https://umod.org/plugins/lang-gen","https://umod.org/plugins/lang-gen.json","https://umod.org/plugins/LangGen.cs","@{value=1; message=; text=Published; icon=check; class=success}","308","System.Object[]","0.1.0","v0.1.0","2018-08-02 23:47:27","2018-08-02T23:47:27+00:00","Wulf","https://assets.umod.org/images/icons/user/5c2d88ae4ea06.jpg","eL15d45mQo","universal,lang,localization,api,messages","2018-08-02T23:46:55Z","2019-02-12T03:16:53Z","3","3",""
"Logger","1",,,"https://assets.umod.org/images/icons/plugin/5c4cb447b327f.png","Logger","logger","Configurable logging of chat, commands, connections, and more","1120","0.00","2018-07-25 02:35:11","https://umod.org/plugins/logger","https://umod.org/plugins/logger.json","https://umod.org/plugins/Logger.cs","@{value=1; message=; text=Published; icon=check; class=success}","1.1K","System.Object[]","2.2.1","v2.2.1","2018-08-01 20:43:38","2018-08-01T20:43:38+00:00","Wulf","https://assets.umod.org/images/icons/user/5c2d88ae4ea06.jpg","eL15d45mQo","universal,logging,anticheat","2018-07-25T02:35:11Z","2019-02-12T18:21:56Z","46","46",""
"MemoryCache","1","mit",,"https://assets.umod.org/images/icons/plugin/5c2ea3135d509.png","Memory Cache","memory-cache","MemoryCache is a plugin api that allows other plugins to store data in-memory and retrieve it later.","63","0.00","2018-12-16 21:12:59","https://umod.org/plugins/memory-cache","https://umod.org/plugins/memory-cache.json","https://umod.org/plugins/MemoryCache.cs","@{value=1; message=; text=Published; icon=check; class=success}","63","System.Object[]","1.0.1","v1.0.1","2018-12-16 21:23:05","2018-12-16T21:23:05+00:00","austinv900","https://assets.umod.org/images/icons/user/5b5bc71c51a3f.png","b0EKY1KXv8","universal,caching,api,storage","2018-12-16T21:12:59Z","2019-02-12T13:29:58Z","2","2",""
"NameManager","1",,,,"Name Manager","name-manager","Easily manage player names on your server","321","0.00","2018-08-05 12:32:51","https://umod.org/plugins/name-manager","https://umod.org/plugins/name-manager.json","https://umod.org/plugins/NameManager.cs","@{value=1; message=; text=Published; icon=check; class=success}","321","System.Object[]","1.0.1","v1.0.1","2018-08-05 12:33:21","2018-08-05T12:33:21+00:00","Ankawi","","AbRgARe5B4","universal,moderation,management","2018-08-05T12:32:51Z","2019-02-12T15:00:56Z","5","5",""
"NameRewards","1",,,,"Name Rewards","name-rewards","Assigns players a group based on phrases found in their names","241","0.00","2018-08-05 12:33:56","https://umod.org/plugins/name-rewards","https://umod.org/plugins/name-rewards.json","https://umod.org/plugins/NameRewards.cs","@{value=1; message=; text=Published; icon=check; class=success}","241","System.Object[]","1.0.0","v1.0.0","2018-08-05 12:34:24","2018-08-05T12:34:24+00:00","Jacob","","GDdKxV5VER","universal,automation,rewards","2018-08-05T12:33:56Z","2019-02-12T13:30:58Z","1","1",""
"NoobGroup","1","mit",,"https://assets.umod.org/images/icons/plugin/5bde486aa9438.jpg","Noob Group","noob-group","Add first-time players to a permanent/temporary group & broadcasts message on first join.","147","0.00","2018-11-04 01:14:13","https://umod.org/plugins/noob-group","https://umod.org/plugins/noob-group.json","https://umod.org/plugins/NoobGroup.cs","@{value=1; message=; text=Published; icon=check; class=success}","147","System.Object[]","1.0.0","v1.0.0","2018-11-07 21:32:04","2018-11-07T21:32:04+00:00","YpDutch","","ZE0KEY4KNA","universal,noobs,group,broadcast","2018-11-04T01:14:13Z","2019-02-12T13:33:49Z","2","2",""
"NoobMessages","1",,,,"Noob Messages","noob-messages","Displays a message when a player joins the server for the first time.","410","0.00","2018-08-05 12:26:30","https://umod.org/plugins/noob-messages","https://umod.org/plugins/noob-messages.json","https://umod.org/plugins/NoobMessages.cs","@{value=1; message=; text=Published; icon=check; class=success}","410","System.Object[]","1.1.0","v1.1.0","","","","","0","universal,imported","2018-08-05T12:26:30Z","2019-02-12T13:33:53Z","8","8",""
"Password","1",,,,"Password","password","Provides name and chat command password protection for the server","595","0.00","2018-07-25 02:35:15","https://umod.org/plugins/password","https://umod.org/plugins/password.json","https://umod.org/plugins/Password.cs","@{value=1; message=; text=Published; icon=check; class=success}","595","System.Object[]","2.0.4","v2.0.4","2018-08-01 20:43:38","2018-08-01T20:43:38+00:00","Wulf","https://assets.umod.org/images/icons/user/5c2d88ae4ea06.jpg","eL15d45mQo","universal,protection,chat","2018-07-25T02:35:15Z","2019-02-12T18:53:38Z","5","5",""
"PickupLines","1",,,"https://assets.umod.org/images/icons/plugin/5b66ef17b8b62.jpg","Pickup Lines","pickup-lines","Sends lovely pickup lines to yourself or other players","323","0.00","2018-08-05 12:35:35","https://umod.org/plugins/pickup-lines","https://umod.org/plugins/pickup-lines.json","https://umod.org/plugins/PickupLines.cs","@{value=1; message=; text=Published; icon=check; class=success}","323","System.Object[]","1.0.2","v1.0.2","2018-08-05 12:36:01","2018-08-05T12:36:01+00:00","Wulf","https://assets.umod.org/images/icons/user/5c2d88ae4ea06.jpg","eL15d45mQo","universal,chat,fun","2018-08-05T12:35:35Z","2019-02-12T13:35:56Z","2","2",""
"Ping","1",,,"https://assets.umod.org/images/icons/plugin/5b639767204a5.jpg","Ping","ping","Ping checking on command and automatic kicking of players with high pings","633","0.00","2018-08-02 23:44:39","https://umod.org/plugins/ping","https://umod.org/plugins/ping.json","https://umod.org/plugins/Ping.cs","@{value=1; message=; text=Published; icon=check; class=success}","633","System.Object[]","1.8.0","v1.8.0","2018-08-02 23:45:06","2018-08-02T23:45:06+00:00","Wulf","https://assets.umod.org/images/icons/user/5c2d88ae4ea06.jpg","eL15d45mQo","universal,administration,informational","2018-08-02T23:44:39Z","2019-02-12T14:20:34Z","23","23",""
"PlayerDatabase","1",,,"https://assets.umod.org/images/icons/plugin/5c6230655a00b.png","Player Database","player-database","Big database with light weight way to save it to prevent lag","379","0.00","2018-08-05 12:30:10","https://umod.org/plugins/player-database","https://umod.org/plugins/player-database.json","https://umod.org/plugins/PlayerDatabase.cs","@{value=1; message=; text=Published; icon=check; class=success}","379","System.Object[]","1.5.7","v1.5.7","2018-08-05 12:30:42","2018-08-05T12:30:42+00:00","Ryan","https://assets.umod.org/images/icons/user/5b5a14078d6b0.png","oXVgqegRaQ","universal,imported","2018-08-05T12:30:10Z","2019-02-12T14:39:02Z","19","19",""
"PlayerInformations","1",,,"https://assets.umod.org/images/icons/plugin/5c3223fcb867e.png","Player Informations","player-informations","Stores player IPs , usernames, positions, last seen, first connection ...","467","0.00","2018-08-05 12:25:55","https://umod.org/plugins/player-informations","https://umod.org/plugins/player-informations.json","https://umod.org/plugins/PlayerInformations.cs","@{value=1; message=; text=Published; icon=check; class=success}","467","System.Object[]","1.2.10","v1.2.10","2019-01-06 18:25:36","2019-01-06T18:25:36+00:00","austinv900","https://assets.umod.org/images/icons/user/5b5bc71c51a3f.png","b0EKY1KXv8","universal,imported","2018-08-05T12:25:55Z","2019-02-12T12:21:57Z","14","14",""
"PlayerList","1",,,"https://assets.umod.org/images/icons/plugin/5b639702f2ceb.jpg","Player List","player-list","Shows a list and count of all online, non-hidden players","1771","0.00","2018-08-02 23:42:58","https://umod.org/plugins/player-list","https://umod.org/plugins/player-list.json","https://umod.org/plugins/PlayerList.cs","@{value=1; message=; text=Published; icon=check; class=success}","1.8K","System.Object[]","0.3.2","v0.3.2","2018-08-02 23:43:32","2018-08-02T23:43:32+00:00","Wulf","https://assets.umod.org/images/icons/user/5c2d88ae4ea06.jpg","eL15d45mQo","universal,informational","2018-08-02T23:42:58Z","2019-02-12T18:57:01Z","50","50",""
"PlaytimeTracker","1",,,"https://assets.umod.org/images/icons/plugin/5b63bf2423579.jpg","Playtime Tracker","playtime-tracker","Tracks playtime and AFK time of players with a built-in reward system","1920","0.00","2018-08-03 02:34:12","https://umod.org/plugins/playtime-tracker","https://umod.org/plugins/playtime-tracker.json","https://umod.org/plugins/PlaytimeTracker.cs","@{value=1; message=; text=Published; icon=check; class=success}","1.9K","System.Object[]","0.1.7","v0.1.7","2018-08-03 02:34:44","2018-08-03T02:34:44+00:00","k1lly0u","https://assets.umod.org/images/icons/user/5b39dd7690b34.png","72PK2jKL94","universal,tracking,rewards","2018-08-03T02:34:12Z","2019-02-12T18:06:38Z","94","94",""
"PortForward","1",,,,"Port Forward","port-forward","Automatic port forwarding for DD-WRT routers","311","0.00","2018-07-25 02:35:17","https://umod.org/plugins/port-forward","https://umod.org/plugins/port-forward.json","https://umod.org/plugins/PortForward.cs","@{value=1; message=; text=Published; icon=check; class=success}","311","System.Object[]","0.0.1","v0.0.1","2018-08-01 20:43:38","2018-08-01T20:43:38+00:00","Wulf","https://assets.umod.org/images/icons/user/5c2d88ae4ea06.jpg","eL15d45mQo","universal,administration,management,network","2018-07-25T02:35:17Z","2019-02-12T03:18:05Z","0","0",""
"PrivateMessages","1",,,"https://assets.umod.org/images/icons/plugin/5b66ed6b7e606.jpg","Private Messages","private-messages","This plugin allows you to send private messages to players.","1278","0.00","2018-08-05 12:28:27","https://umod.org/plugins/private-messages","https://umod.org/plugins/private-messages.json","https://umod.org/plugins/PrivateMessages.cs","@{value=1; message=; text=Published; icon=check; class=success}","1.3K","System.Object[]","0.4.0","v0.4.0","2018-08-05 12:28:56","2018-08-05T12:28:56+00:00","Wulf","https://assets.umod.org/images/icons/user/5c2d88ae4ea06.jpg","eL15d45mQo","universal,imported","2018-08-05T12:28:27Z","2019-02-12T15:06:10Z","50","50",""
"Promocodes","1",,,,"Promocodes","promocodes","Create promotion codes which run commands when redeemed by players","400","0.00","2018-07-25 02:35:18","https://umod.org/plugins/promocodes","https://umod.org/plugins/promocodes.json","https://umod.org/plugins/Promocodes.cs","@{value=1; message=; text=Published; icon=check; class=success}","400","System.Object[]","3.0.0","v3.0.0","2018-08-01 20:43:38","2018-08-01T20:43:38+00:00","LaserHydra","https://assets.umod.org/images/icons/user/5b5bc6885b278.png","0D25jdKzjG","universal,promotions","2018-07-25T02:35:18Z","2019-02-12T03:18:15Z","8","8",""
"PushAPI","1",,,"https://assets.umod.org/images/icons/plugin/5b63962192590.jpg","Push API","push-api","API for sending messages via various mobile notification services","359","0.00","2018-08-02 23:39:13","https://umod.org/plugins/push-api","https://umod.org/plugins/push-api.json","https://umod.org/plugins/PushAPI.cs","@{value=1; message=; text=Published; icon=check; class=success}","359","System.Object[]","1.0.1","v1.0.1","2018-08-02 23:39:45","2018-08-02T23:39:45+00:00","Wulf","https://assets.umod.org/images/icons/user/5c2d88ae4ea06.jpg","eL15d45mQo","universal,api,notifications","2018-08-02T23:39:13Z","2019-02-12T13:36:15Z","3","3",""
"Rename","1",,,"https://assets.umod.org/images/icons/plugin/5b6396e2ecedf.jpg","Rename","rename","Allows players with permission to instantly rename other players or self","670","0.00","2018-08-02 23:42:26","https://umod.org/plugins/rename","https://umod.org/plugins/rename.json","https://umod.org/plugins/Rename.cs","@{value=1; message=; text=Published; icon=check; class=success}","670","System.Object[]","0.3.0","v0.3.0","2018-08-02 23:42:54","2018-08-02T23:42:54+00:00","Wulf","https://assets.umod.org/images/icons/user/5c2d88ae4ea06.jpg","eL15d45mQo","universal,moderation,names","2018-08-02T23:42:26Z","2019-02-12T13:38:53Z","20","20",""
"Reserved","1","mit",,,"Reserved","reserved","Allows players with permission to always be able to connect","621","0.00","2018-09-03 21:56:47","https://umod.org/plugins/reserved","https://umod.org/plugins/reserved.json","https://umod.org/plugins/Reserved.cs","@{value=1; message=; text=Published; icon=check; class=success}","621","System.Object[]","2.0.3","v2.0.3","2018-09-03 21:56:47","2018-09-03T21:56:47+00:00","Wulf","https://assets.umod.org/images/icons/user/5c2d88ae4ea06.jpg","eL15d45mQo","universal,bypass","2018-09-03T21:56:47Z","2019-02-12T17:56:52Z","5","5",""
"RightToLeft","1",,,"https://assets.umod.org/images/icons/plugin/5b63967f580e6.jpg","Right To Left","right-to-left","Coverts chat messages to right-to-left format","261","0.00","2018-08-02 23:40:47","https://umod.org/plugins/right-to-left","https://umod.org/plugins/right-to-left.json","https://umod.org/plugins/RightToLeft.cs","@{value=1; message=; text=Published; icon=check; class=success}","261","System.Object[]","0.2.1","v0.2.1","2018-08-02 23:41:16","2018-08-02T23:41:16+00:00","Wulf","https://assets.umod.org/images/icons/user/5c2d88ae4ea06.jpg","eL15d45mQo","universal,imported","2018-08-02T23:40:47Z","2019-02-12T13:39:52Z","0","0",""
"RustedStore","1",,,,"Rusted Store","rusted-store","Donation and payment platform","438","0.00","2018-08-05 12:36:36","https://umod.org/plugins/rusted-store","https://umod.org/plugins/rusted-store.json","https://umod.org/plugins/RustedStore.cs","@{value=1; message=; text=Published; icon=check; class=success}","438","System.Object[]","1.0.2","v1.0.2","","","","","0","universal,donations,store,payments,unmaintained","2018-08-05T12:36:36Z","2019-02-12T13:41:01Z","9","9",""
"SecureAdmin","1",,,"https://assets.umod.org/images/icons/plugin/5b6395758bfc5.jpg","Secure Admin","secure-admin","Restricts select admin commands to players with permission","953","0.00","2018-08-02 23:36:21","https://umod.org/plugins/secure-admin","https://umod.org/plugins/secure-admin.json","https://umod.org/plugins/SecureAdmin.cs","@{value=1; message=; text=Published; icon=check; class=success}","953","System.Object[]","1.1.8","v1.1.8","2018-08-02 23:36:51","2018-08-02T23:36:51+00:00","Wulf","https://assets.umod.org/images/icons/user/5c2d88ae4ea06.jpg","eL15d45mQo","universal,administration,moderation","2018-08-02T23:36:21Z","2019-02-12T15:04:52Z","11","11",""
"ServerAnnouncer","1",,,"https://assets.umod.org/images/icons/plugin/5b78e4de599e2.jpg","Server Announcer","server-announcer","Allows you to broadcast a message to the server with a custom prefix","964","0.00","2018-07-25 02:35:19","https://umod.org/plugins/server-announcer","https://umod.org/plugins/server-announcer.json","https://umod.org/plugins/ServerAnnouncer.cs","@{value=1; message=; text=Published; icon=check; class=success}","964","System.Object[]","1.0.7","v1.0.7","2018-08-19 03:48:26","2018-08-19T03:48:26+00:00","austinv900","https://assets.umod.org/images/icons/user/5b5bc71c51a3f.png","b0EKY1KXv8","universal,chat,administration","2018-07-25T02:35:19Z","2019-02-12T13:41:45Z","10","10",""
"SkipNightVote","1",,,"https://assets.umod.org/images/icons/plugin/5b63bfaba17d3.jpg","Skip Night Vote","skip-night-vote","Allow users to vote to skip night time","1977","0.00","2018-08-03 02:36:27","https://umod.org/plugins/skip-night-vote","https://umod.org/plugins/skip-night-vote.json","https://umod.org/plugins/SkipNightVote.cs","@{value=1; message=; text=Published; icon=check; class=success}","2.0K","System.Object[]","0.1.4","v0.1.4","2018-08-03 02:36:55","2018-08-03T02:36:55+00:00","k1lly0u","https://assets.umod.org/images/icons/user/5b39dd7690b34.png","72PK2jKL94","universal,imported","2018-08-03T02:36:27Z","2019-02-12T17:34:10Z","58","58",""
"Slack","1",,,"https://assets.umod.org/images/icons/plugin/5b63978632ceb.jpg","Slack","slack","Plugin API for sending messages and notifications to Slack","337","0.00","2018-08-02 23:45:10","https://umod.org/plugins/slack","https://umod.org/plugins/slack.json","https://umod.org/plugins/Slack.cs","@{value=1; message=; text=Published; icon=check; class=success}","337","System.Object[]","0.1.7","v0.1.7","2018-08-02 23:45:41","2018-08-02T23:45:41+00:00","Wulf","https://assets.umod.org/images/icons/user/5c2d88ae4ea06.jpg","eL15d45mQo","universal,notifications,api,slack","2018-08-02T23:45:10Z","2019-02-12T13:43:32Z","2","2",""
"SlackChat","1",,,"https://assets.umod.org/images/icons/plugin/5b6398d3177ea.jpg","Slack Chat","slack-chat","Sends all chat messages or keyword-based chat to Slack channel","238","0.00","2018-08-02 23:50:43","https://umod.org/plugins/slack-chat","https://umod.org/plugins/slack-chat.json","https://umod.org/plugins/SlackChat.cs","@{value=1; message=; text=Published; icon=check; class=success}","238","System.Object[]","0.1.2","v0.1.2","2018-08-02 23:51:11","2018-08-02T23:51:11+00:00","Wulf","https://assets.umod.org/images/icons/user/5c2d88ae4ea06.jpg","eL15d45mQo","universal,slack,chat","2018-08-02T23:50:43Z","2019-02-12T13:43:36Z","0","0",""
"SlackMutes","1",,,"https://assets.umod.org/images/icons/plugin/5b66ed8ad30a5.jpg","Slack Mutes","slack-mutes","Sends information on server mutes to a Slack channel","237","0.00","2018-08-05 12:28:58","https://umod.org/plugins/slack-mutes","https://umod.org/plugins/slack-mutes.json","https://umod.org/plugins/SlackMutes.cs","@{value=1; message=; text=Published; icon=check; class=success}","237","System.Object[]","1.0.2","v1.0.2","2018-08-11 09:28:13","2018-08-11T09:28:13+00:00","Kinesis","https://assets.umod.org/images/icons/user/5b6d791123a85.jpg","72PK2Q1yL9","universal,slack,chat,notifications","2018-08-05T12:28:58Z","2019-02-12T13:43:40Z","0","0",""
"SlackNotices","1",,,"https://assets.umod.org/images/icons/plugin/5b6398589bff4.jpg","Slack Notices","slack-notices","Sends various notices from in-game to a Slack channel","226","0.00","2018-08-02 23:48:40","https://umod.org/plugins/slack-notices","https://umod.org/plugins/slack-notices.json","https://umod.org/plugins/SlackNotices.cs","@{value=1; message=; text=Published; icon=check; class=success}","226","System.Object[]","0.1.2","v0.1.2","2018-08-02 23:49:06","2018-08-02T23:49:06+00:00","Wulf","https://assets.umod.org/images/icons/user/5c2d88ae4ea06.jpg","eL15d45mQo","universal,slack,notifications","2018-08-02T23:48:40Z","2019-02-12T13:43:45Z","0","0",""
"SlackReport","1",,,"https://assets.umod.org/images/icons/plugin/5b6398366f281.jpg","Slack Report","slack-report","Sends reports to Slack via in-game /report command","243","0.00","2018-08-02 23:48:06","https://umod.org/plugins/slack-report","https://umod.org/plugins/slack-report.json","https://umod.org/plugins/SlackReport.cs","@{value=1; message=; text=Published; icon=check; class=success}","243","System.Object[]","0.1.3","v0.1.3","2018-08-02 23:48:37","2018-08-02T23:48:37+00:00","Wulf","https://assets.umod.org/images/icons/user/5c2d88ae4ea06.jpg","eL15d45mQo","universal,slack,reporting","2018-08-02T23:48:06Z","2019-02-12T13:43:49Z","0","0",""
"Slap","1",,,"https://assets.umod.org/images/icons/plugin/5b63974443b89.jpg","Slap","slap","Sometimes players just need to be slapped around a bit","394","0.00","2018-08-02 23:44:04","https://umod.org/plugins/slap","https://umod.org/plugins/slap.json","https://umod.org/plugins/Slap.cs","@{value=1; message=; text=Published; icon=check; class=success}","394","System.Object[]","1.2.1","v1.2.1","2018-08-02 23:44:36","2018-08-02T23:44:36+00:00","Wulf","https://assets.umod.org/images/icons/user/5c2d88ae4ea06.jpg","eL15d45mQo","universal,punishment,moderation,api","2018-08-02T23:44:04Z","2019-02-12T13:43:53Z","13","13",""
"SleeperGroup","1",,,"https://assets.umod.org/images/icons/plugin/5b639726a536a.jpg","Sleeper Group","sleeper-group","Puts players in a permissions group on disconnect if sleeping","228","0.00","2018-08-02 23:43:34","https://umod.org/plugins/sleeper-group","https://umod.org/plugins/sleeper-group.json","https://umod.org/plugins/SleeperGroup.cs","@{value=1; message=; text=Published; icon=check; class=success}","228","System.Object[]","0.1.0","v0.1.0","2018-08-02 23:43:59","2018-08-02T23:43:59+00:00","Wulf","https://assets.umod.org/images/icons/user/5c2d88ae4ea06.jpg","eL15d45mQo","universal,groups,permissions","2018-08-02T23:43:34Z","2019-02-12T13:44:10Z","2","2",""
"StartupCommands","1",,,,"Startup Commands","startup-commands","Automatically runs configured commands on server startup","418","0.00","2018-07-25 02:35:20","https://umod.org/plugins/startup-commands","https://umod.org/plugins/startup-commands.json","https://umod.org/plugins/StartupCommands.cs","@{value=1; message=; text=Published; icon=check; class=success}","418","System.Object[]","1.0.8","v1.0.8","2018-08-01 20:43:38","2018-08-01T20:43:38+00:00","Wulf","https://assets.umod.org/images/icons/user/5c2d88ae4ea06.jpg","eL15d45mQo","universal,administration","2018-07-25T02:35:20Z","2019-02-12T13:45:29Z","16","16",""
"SteamChecks","1",,,,"Steam Checks","steam-checks","Kicks players when they join based off of information about their Steam accounts","814","0.00","2018-07-25 02:35:21","https://umod.org/plugins/steam-checks","https://umod.org/plugins/steam-checks.json","https://umod.org/plugins/SteamChecks.cs","@{value=1; message=; text=Published; icon=check; class=success}","814","System.Object[]","3.0.4","v3.0.4","2018-08-01 20:43:38","2018-08-01T20:43:38+00:00","Wulf","https://assets.umod.org/images/icons/user/5c2d88ae4ea06.jpg","eL15d45mQo","universal,moderation","2018-07-25T02:35:21Z","2019-02-12T15:07:22Z","28","28",""
"SteamGroups","1",,,,"Steam Groups","steam-groups","Automatically adds members of Steam group(s) to a permissions group","622","0.00","2018-07-25 02:35:21","https://umod.org/plugins/steam-groups","https://umod.org/plugins/steam-groups.json","https://umod.org/plugins/SteamGroups.cs","@{value=1; message=; text=Published; icon=check; class=success}","622","System.Object[]","0.4.1","v0.4.1","2018-08-01 20:43:38","2018-08-01T20:43:38+00:00","Wulf","https://assets.umod.org/images/icons/user/5c2d88ae4ea06.jpg","eL15d45mQo","universal,permissions,steam,groups","2018-07-25T02:35:21Z","2019-02-12T13:46:05Z","29","29",""
"StrikeSystem","1",,,"https://assets.umod.org/images/icons/plugin/5b63836bc2650.jpg","Strike System","strike-system","Strike players and time-ban players with a specific amount of strikes","364","0.00","2018-08-02 22:19:23","https://umod.org/plugins/strike-system","https://umod.org/plugins/strike-system.json","https://umod.org/plugins/StrikeSystem.cs","@{value=1; message=; text=Published; icon=check; class=success}","364","System.Object[]","2.1.3","v2.1.3","2018-08-02 22:19:53","2018-08-02T22:19:53+00:00","LaserHydra","https://assets.umod.org/images/icons/user/5b5bc6885b278.png","0D25jdKzjG","universal,punishment,moderation","2018-08-02T22:19:23Z","2019-02-12T13:46:28Z","3","3",""
"SuicideKill","1",,,,"Suicide and Kill","suicide-and-kill","Suicide chat and admin commands to kill a player","322","0.00","2018-08-05 12:32:19","https://umod.org/plugins/suicide-and-kill","https://umod.org/plugins/suicide-and-kill.json","https://umod.org/plugins/SuicideKill.cs","@{value=1; message=; text=Published; icon=check; class=success}","322","System.Object[]","1.0.0","v1.0.0","2018-08-05 12:32:47","2018-08-05T12:32:47+00:00","Ankawi","","AbRgARe5B4","universal,commands,administration","2018-08-05T12:32:19Z","2019-02-12T16:13:34Z","5","5",""
"Tickets","1",,,,"Tickets","tickets","Allows players to send tickets to admin","755","0.00","2018-07-25 02:35:22","https://umod.org/plugins/tickets","https://umod.org/plugins/tickets.json","https://umod.org/plugins/Tickets.cs","@{value=1; message=; text=Published; icon=check; class=success}","755","System.Object[]","3.1.3","v3.1.3","2018-08-01 20:43:38","2018-08-01T20:43:38+00:00","LaserHydra","https://assets.umod.org/images/icons/user/5b5bc6885b278.png","0D25jdKzjG","universal,moderation,reporting","2018-07-25T02:35:22Z","2019-02-12T18:28:21Z","26","26",""
"TimedExecute","1",,,"https://assets.umod.org/images/icons/plugin/5b66ec71c9025.jpg","Timed Execute","timed-execute","Execute commands every (x) seconds.","918","0.00","2018-08-05 12:24:17","https://umod.org/plugins/timed-execute","https://umod.org/plugins/timed-execute.json","https://umod.org/plugins/TimedExecute.cs","@{value=1; message=; text=Published; icon=check; class=success}","918","System.Object[]","0.7.3","v0.7.3","2018-08-05 12:24:47","2018-08-05T12:24:47+00:00","PaiN","","ZbN5MQx510","universal,imported","2018-08-05T12:24:17Z","2019-02-12T15:07:46Z","44","44",""
"TimedPermissions","1",,,,"Timed Permissions","timed-permissions","Allows you to grant permissions or groups for a specific time","1037","0.00","2018-08-02 22:17:50","https://umod.org/plugins/timed-permissions","https://umod.org/plugins/timed-permissions.json","https://umod.org/plugins/TimedPermissions.cs","@{value=1; message=; text=Published; icon=check; class=success}","1.0K","System.Object[]","1.3.2","v1.3.2","2018-08-02 22:18:23","2018-08-02T22:18:23+00:00","LaserHydra","https://assets.umod.org/images/icons/user/5b5bc6885b278.png","0D25jdKzjG","universal,permissions,restrictions,rewards,administration,groups","2018-08-02T22:17:50Z","2019-02-12T19:28:30Z","38","38",""
"TwitchAuth","1",,,,"Twitch Auth","twitch-auth","Only allow Twitch channel followers to join your server","257","0.00","2018-07-25 02:35:23","https://umod.org/plugins/twitch-auth","https://umod.org/plugins/twitch-auth.json","https://umod.org/plugins/TwitchAuth.cs","@{value=1; message=; text=Published; icon=check; class=success}","257","System.Object[]","0.1.4","v0.1.4","2018-08-01 20:43:38","2018-08-01T20:43:38+00:00","Wulf","https://assets.umod.org/images/icons/user/5c2d88ae4ea06.jpg","eL15d45mQo","universal,auth,restrictions","2018-07-25T02:35:23Z","2019-02-12T13:49:45Z","2","2",""
"UFilter","1",,,"https://assets.umod.org/images/icons/plugin/5b61d2b4e9a9c.png","UFilter","ufilter","Prevents advertising and/or profanity and optionally punishes player","432","0.00","2018-07-25 02:35:23","https://umod.org/plugins/ufilter","https://umod.org/plugins/ufilter.json","https://umod.org/plugins/UFilter.cs","@{value=1; message=; text=Published; icon=check; class=success}","432","System.Object[]","5.0.5","v5.0.5","2018-08-01 15:29:52","2018-08-01T15:29:52+00:00","Wulf","https://assets.umod.org/images/icons/user/5c2d88ae4ea06.jpg","eL15d45mQo","universal,chat,moderation","2018-07-25T02:35:23Z","2019-02-12T13:49:49Z","14","14",""
"UpdateChecker","1",,,,"Update Checker","update-checker","Checks for and notifies of any outdated plugins","2320","0.00","2018-07-25 02:35:23","https://umod.org/plugins/update-checker","https://umod.org/plugins/update-checker.json","https://umod.org/plugins/UpdateChecker.cs","@{value=1; message=; text=Published; icon=check; class=success}","2.3K","System.Object[]","2.3.1","v2.3.1","2018-08-07 15:48:35","2018-08-07T15:48:35+00:00","LaserHydra","https://assets.umod.org/images/icons/user/5b5bc6885b278.png","0D25jdKzjG","universal,administration,maintenance","2018-07-25T02:35:23Z","2019-02-12T18:59:45Z","129","129",""
"VoteKick","1",,,,"Vote Kick","vote-kick","Lets players with permission call votes to kick others","229","0.00","2018-08-05 12:23:44","https://umod.org/plugins/vote-kick","https://umod.org/plugins/vote-kick.json","https://umod.org/plugins/VoteKick.cs","@{value=1; message=; text=Published; icon=check; class=success}","229","System.Object[]","1.0.2","v1.0.2","2018-08-05 12:24:12","2018-08-05T12:24:12+00:00","Jacob","","GDdKxV5VER","universal,moderation,voting,admin","2018-08-05T12:23:44Z","2019-02-12T13:51:30Z","1","1",""
"VPNBlock","1",,,"https://assets.umod.org/images/icons/plugin/5b91367eb7d2e.png","VPN Block","vpn-block","Automatically kicks players using a VPN","543","0.00","2018-07-25 02:35:23","https://umod.org/plugins/vpn-block","https://umod.org/plugins/vpn-block.json","https://umod.org/plugins/VPNBlock.cs","@{value=1; message=; text=Published; icon=check; class=success}","543","System.Object[]","0.0.53","v0.0.53","2018-10-01 03:17:38","2018-10-01T03:17:38+00:00","Calytic","https://assets.umod.org/images/icons/user/5c2d465a03b5a.png","QNMy3b5AzV","universal,moderation,restrictions","2018-07-25T02:35:23Z","2019-02-12T13:51:41Z","13","13",""
"WelcomeMessages","1",,,,"Welcome Messages","welcome-messages","Sends players welcome messages once they connect to the server","1004","0.00","2018-08-05 12:18:12","https://umod.org/plugins/welcome-messages","https://umod.org/plugins/welcome-messages.json","https://umod.org/plugins/WelcomeMessages.cs","@{value=1; message=; text=Published; icon=check; class=success}","1.0K","System.Object[]","1.0.5","v1.0.5","2018-08-05 12:18:39","2018-08-05T12:18:39+00:00","Ankawi","","AbRgARe5B4","universal,informational","2018-08-05T12:18:12Z","2019-02-12T19:05:07Z","44","44",""
"WelcomeTP","1",,,"https://assets.umod.org/images/icons/plugin/5b57e1ec841e4.png","Welcome TP","welcome-tp","Teleports new players to a configured position at random","328","0.00","2018-07-25 02:35:24","https://umod.org/plugins/welcome-tp","https://umod.org/plugins/welcome-tp.json","https://umod.org/plugins/WelcomeTP.cs","@{value=1; message=; text=Published; icon=check; class=success}","328","System.Object[]","1.1.1","v1.1.1","2018-08-01 20:43:38","2018-08-01T20:43:38+00:00","Ryan","https://assets.umod.org/images/icons/user/5b5a14078d6b0.png","oXVgqegRaQ","universal,teleportation","2018-07-25T02:35:24Z","2019-02-12T18:25:11Z","3","3",""
"Whisper","1",,,"https://assets.umod.org/images/icons/plugin/5b57e1ecad5b3.png","Whisper","whisper","Message in-game players from the server console or RCON","304","0.00","2018-07-25 02:35:24","https://umod.org/plugins/whisper","https://umod.org/plugins/whisper.json","https://umod.org/plugins/Whisper.cs","@{value=1; message=; text=Published; icon=check; class=success}","304","System.Object[]","1.1.1","v1.1.1","2018-08-01 20:43:38","2018-08-01T20:43:38+00:00","Ryan","https://assets.umod.org/images/icons/user/5b5a14078d6b0.png","oXVgqegRaQ","universal,chat,administration,messaging","2018-07-25T02:35:24Z","2019-02-12T09:32:44Z","3","3",""
"Whitelist","1","mit",,"https://assets.umod.org/images/icons/plugin/5c50db1cc184c.png","Whitelist","whitelist","Restricts server access to whitelisted players with permission","1046","0.00","2018-08-02 23:46:25","https://umod.org/plugins/whitelist","https://umod.org/plugins/whitelist.json","https://umod.org/plugins/Whitelist.cs","@{value=1; message=; text=Published; icon=check; class=success}","1.0K","System.Object[]","3.3.0","v3.3.0","2018-08-02 23:46:53","2018-08-02T23:46:53+00:00","Wulf","https://assets.umod.org/images/icons/user/5c2d88ae4ea06.jpg","eL15d45mQo","universal,restrictions,whitelist,access","2018-08-02T23:46:25Z","2019-02-12T18:05:38Z","22","22",""
"WipeTimer","1",,,,"Wipe Timer","wipe-timer","Allows players to check when the next wipe is","394","0.00","2018-07-25 02:35:25","https://umod.org/plugins/wipe-timer","https://umod.org/plugins/wipe-timer.json","https://umod.org/plugins/WipeTimer.cs","@{value=1; message=; text=Published; icon=check; class=success}","394","System.Object[]","1.0.1","v1.0.1","2018-08-01 20:43:38","2018-08-01T20:43:38+00:00","531devv","","lDaKBR0KEX","universal,information","2018-07-25T02:35:25Z","2019-02-12T13:52:57Z","9","9",""
